[
  { "code": "AF", "name": "Afganistán", "nameEN": "Afghanistan" },
  { "code": "AL", "name": "Albania", "nameEN": "Albania" },
  { "code": "DE", "name": "Alemania", "nameEN": "Germany" },
  { "code": "AD", "name": "Andorra", "nameEN": "Andorra" },
  { "code": "AO", "name": "Angola", "nameEN": "Angola" },
  { "code": "AG", "name": "Antigua y Barbuda", "nameEN": "Antigua and Barbuda" },
  { "code": "SA", "name": "Arabia Saudita", "nameEN": "Saudi Arabia" },
  { "code": "DZ", "name": "Argelia", "nameEN": "Algeria" },
  { "code": "AR", "name": "Argentina", "nameEN": "Argentina" },
  { "code": "AM", "name": "Armenia", "nameEN": "Armenia" },
  { "code": "AU", "name": "Australia", "nameEN": "Australia" },
  { "code": "AT", "name": "Austria", "nameEN": "Austria" },
  { "code": "AZ", "name": "Azerbaiyán", "nameEN": "Azerbaijan" },
  { "code": "BS", "name": "Bahamas", "nameEN": "Bahamas" },
  { "code": "BD", "name": "Bangladés", "nameEN": "Bangladesh" },
  { "code": "BB", "name": "Barbados", "nameEN": "Barbados" },
  { "code": "BH", "name": "Baréin", "nameEN": "Bahrain" },
  { "code": "BE", "name": "Bélgica", "nameEN": "Belgium" },
  { "code": "BZ", "name": "Belice", "nameEN": "Belize" },
  { "code": "BJ", "name": "Benín", "nameEN": "Benin" },
  { "code": "BY", "name": "Bielorrusia", "nameEN": "Belarus" },
  { "code": "BO", "name": "Bolivia", "nameEN": "Bolivia" },
  { "code": "BA", "name": "Bosnia y Herzegovina", "nameEN": "Bosnia and Herzegovina" },
  { "code": "BW", "name": "Botsuana", "nameEN": "Botswana" },
  { "code": "BR", "name": "Brasil", "nameEN": "Brazil" },
  { "code": "BN", "name": "Brunéi", "nameEN": "Brunei" },
  { "code": "BG", "name": "Bulgaria", "nameEN": "Bulgaria" },
  { "code": "BF", "name": "Burkina Faso", "nameEN": "Burkina Faso" },
  { "code": "BI", "name": "Burundi", "nameEN": "Burundi" },
  { "code": "BT", "name": "Bután", "nameEN": "Bhutan" },
  { "code": "CV", "name": "Cabo Verde", "nameEN": "Cape Verde" },
  { "code": "KH", "name": "Camboya", "nameEN": "Cambodia" },
  { "code": "CM", "name": "Camerún", "nameEN": "Cameroon" },
  { "code": "CA", "name": "Canadá", "nameEN": "Canada" },
  { "code": "QA", "name": "Catar", "nameEN": "Qatar" },
  { "code": "TD", "name": "Chad", "nameEN": "Chad" },
  { "code": "CL", "name": "Chile", "nameEN": "Chile" },
  { "code": "CN", "name": "China", "nameEN": "China" },
  { "code": "CY", "name": "Chipre", "nameEN": "Cyprus" },
  { "code": "CO", "name": "Colombia", "nameEN": "Colombia" },
  { "code": "KM", "name": "Comoras", "nameEN": "Comoros" },
  { "code": "CG", "name": "Congo", "nameEN": "Congo" },
  { "code": "CD", "name": "Congo (Rep. Dem.)", "nameEN": "Congo (Dem. Rep.)" },
  { "code": "KP", "name": "Corea del Norte", "nameEN": "North Korea" },
  { "code": "KR", "name": "Corea del Sur", "nameEN": "South Korea" },
  { "code": "CI", "name": "Costa de Marfil", "nameEN": "Ivory Coast" },
  { "code": "CR", "name": "Costa Rica", "nameEN": "Costa Rica" },
  { "code": "HR", "name": "Croacia", "nameEN": "Croatia" },
  { "code": "CU", "name": "Cuba", "nameEN": "Cuba" },
  { "code": "DK", "name": "Dinamarca", "nameEN": "Denmark" },
  { "code": "DM", "name": "Dominica", "nameEN": "Dominica" },
  { "code": "EC", "name": "Ecuador", "nameEN": "Ecuador" },
  { "code": "EG", "name": "Egipto", "nameEN": "Egypt" },
  { "code": "SV", "name": "El Salvador", "nameEN": "El Salvador" },
  { "code": "AE", "name": "Emiratos Árabes Unidos", "nameEN": "United Arab Emirates" },
  { "code": "ER", "name": "Eritrea", "nameEN": "Eritrea" },
  { "code": "SK", "name": "Eslovaquia", "nameEN": "Slovakia" },
  { "code": "SI", "name": "Eslovenia", "nameEN": "Slovenia" },
  { "code": "ES", "name": "España", "nameEN": "Spain" },
  { "code": "US", "name": "Estados Unidos", "nameEN": "United States" },
  { "code": "EE", "name": "Estonia", "nameEN": "Estonia" },
  { "code": "SZ", "name": "Esuatini", "nameEN": "Eswatini" },
  { "code": "ET", "name": "Etiopía", "nameEN": "Ethiopia" },
  { "code": "PH", "name": "Filipinas", "nameEN": "Philippines" },
  { "code": "FI", "name": "Finlandia", "nameEN": "Finland" },
  { "code": "FJ", "name": "Fiyi", "nameEN": "Fiji" },
  { "code": "FR", "name": "Francia", "nameEN": "France" },
  { "code": "GA", "name": "Gabón", "nameEN": "Gabon" },
  { "code": "GM", "name": "Gambia", "nameEN": "Gambia" },
  { "code": "GE", "name": "Georgia", "nameEN": "Georgia" },
  { "code": "GH", "name": "Ghana", "nameEN": "Ghana" },
  { "code": "GR", "name": "Grecia", "nameEN": "Greece" },
  { "code": "GD", "name": "Granada", "nameEN": "Grenada" },
  { "code": "GT", "name": "Guatemala", "nameEN": "Guatemala" },
  { "code": "GN", "name": "Guinea", "nameEN": "Guinea" },
  { "code": "GQ", "name": "Guinea Ecuatorial", "nameEN": "Equatorial Guinea" },
  { "code": "GW", "name": "Guinea-Bisáu", "nameEN": "Guinea-Bissau" },
  { "code": "GY", "name": "Guyana", "nameEN": "Guyana" },
  { "code": "HT", "name": "Haití", "nameEN": "Haiti" },
  { "code": "HN", "name": "Honduras", "nameEN": "Honduras" },
  { "code": "HU", "name": "Hungría", "nameEN": "Hungary" },
  { "code": "IN", "name": "India", "nameEN": "India" },
  { "code": "ID", "name": "Indonesia", "nameEN": "Indonesia" },
  { "code": "IQ", "name": "Irak", "nameEN": "Iraq" },
  { "code": "IR", "name": "Irán", "nameEN": "Iran" },
  { "code": "IE", "name": "Irlanda", "nameEN": "Ireland" },
  { "code": "IS", "name": "Islandia", "nameEN": "Iceland" },
  { "code": "IL", "name": "Israel", "nameEN": "Israel" },
  { "code": "IT", "name": "Italia", "nameEN": "Italy" },
  { "code": "JM", "name": "Jamaica", "nameEN": "Jamaica" },
  { "code": "JP", "name": "Japón", "nameEN": "Japan" },
  { "code": "JO", "name": "Jordania", "nameEN": "Jordan" },
  { "code": "KZ", "name": "Kazajistán", "nameEN": "Kazakhstan" },
  { "code": "KE", "name": "Kenia", "nameEN": "Kenya" },
  { "code": "KG", "name": "Kirguistán", "nameEN": "Kyrgyzstan" },
  { "code": "KI", "name": "Kiribati", "nameEN": "Kiribati" },
  { "code": "KW", "name": "Kuwait", "nameEN": "Kuwait" },
  { "code": "LA", "name": "Laos", "nameEN": "Laos" },
  { "code": "LS", "name": "Lesoto", "nameEN": "Lesotho" },
  { "code": "LV", "name": "Letonia", "nameEN": "Latvia" },
  { "code": "LB", "name": "Líbano", "nameEN": "Lebanon" },
  { "code": "LR", "name": "Liberia", "nameEN": "Liberia" },
  { "code": "LY", "name": "Libia", "nameEN": "Libya" },
  { "code": "LI", "name": "Liechtenstein", "nameEN": "Liechtenstein" },
  { "code": "LT", "name": "Lituania", "nameEN": "Lithuania" },
  { "code": "LU", "name": "Luxemburgo", "nameEN": "Luxembourg" },
  { "code": "MK", "name": "Macedonia del Norte", "nameEN": "North Macedonia" },
  { "code": "MG", "name": "Madagascar", "nameEN": "Madagascar" },
  { "code": "MY", "name": "Malasia", "nameEN": "Malaysia" },
  { "code": "MW", "name": "Malaui", "nameEN": "Malawi" },
  { "code": "MV", "name": "Maldivas", "nameEN": "Maldives" },
  { "code": "ML", "name": "Malí", "nameEN": "Mali" },
  { "code": "MT", "name": "Malta", "nameEN": "Malta" },
  { "code": "MA", "name": "Marruecos", "nameEN": "Morocco" },
  { "code": "MH", "name": "Islas Marshall", "nameEN": "Marshall Islands" },
  { "code": "MU", "name": "Mauricio", "nameEN": "Mauritius" },
  { "code": "MR", "name": "Mauritania", "nameEN": "Mauritania" },
  { "code": "MX", "name": "México", "nameEN": "Mexico" },
  { "code": "FM", "name": "Micronesia", "nameEN": "Micronesia" },
  { "code": "MD", "name": "Moldavia", "nameEN": "Moldova" },
  { "code": "MC", "name": "Mónaco", "nameEN": "Monaco" },
  { "code": "MN", "name": "Mongolia", "nameEN": "Mongolia" },
  { "code": "ME", "name": "Montenegro", "nameEN": "Montenegro" },
  { "code": "MZ", "name": "Mozambique", "nameEN": "Mozambique" },
  { "code": "MM", "name": "Myanmar", "nameEN": "Myanmar" },
  { "code": "NA", "name": "Namibia", "nameEN": "Namibia" },
  { "code": "NR", "name": "Nauru", "nameEN": "Nauru" },
  { "code": "NP", "name": "Nepal", "nameEN": "Nepal" },
  { "code": "NI", "name": "Nicaragua", "nameEN": "Nicaragua" },
  { "code": "NE", "name": "Níger", "nameEN": "Niger" },
  { "code": "NG", "name": "Nigeria", "nameEN": "Nigeria" },
  { "code": "NO", "name": "Noruega", "nameEN": "Norway" },
  { "code": "NZ", "name": "Nueva Zelanda", "nameEN": "New Zealand" },
  { "code": "OM", "name": "Omán", "nameEN": "Oman" },
  { "code": "NL", "name": "Países Bajos", "nameEN": "Netherlands" },
  { "code": "PK", "name": "Pakistán", "nameEN": "Pakistan" },
  { "code": "PW", "name": "Palaos", "nameEN": "Palau" },
  { "code": "PA", "name": "Panamá", "nameEN": "Panama" },
  { "code": "PG", "name": "Papúa Nueva Guinea", "nameEN": "Papua New Guinea" },
  { "code": "PY", "name": "Paraguay", "nameEN": "Paraguay" },
  { "code": "PE", "name": "Perú", "nameEN": "Peru" },
  { "code": "PL", "name": "Polonia", "nameEN": "Poland" },
  { "code": "PT", "name": "Portugal", "nameEN": "Portugal" },
  { "code": "GB", "name": "Reino Unido", "nameEN": "United Kingdom" },
  { "code": "CF", "name": "República Centroafricana", "nameEN": "Central African Republic" },
  { "code": "CZ", "name": "República Checa", "nameEN": "Czech Republic" },
  { "code": "DO", "name": "República Dominicana", "nameEN": "Dominican Republic" },
  { "code": "RW", "name": "Ruanda", "nameEN": "Rwanda" },
  { "code": "RO", "name": "Rumania", "nameEN": "Romania" },
  { "code": "RU", "name": "Rusia", "nameEN": "Russia" },
  { "code": "WS", "name": "Samoa", "nameEN": "Samoa" },
  { "code": "KN", "name": "San Cristóbal y Nieves", "nameEN": "Saint Kitts and Nevis" },
  { "code": "SM", "name": "San Marino", "nameEN": "San Marino" },
  { "code": "VC", "name": "San Vicente y las Granadinas", "nameEN": "Saint Vincent and the Grenadines" },
  { "code": "LC", "name": "Santa Lucía", "nameEN": "Saint Lucia" },
  { "code": "ST", "name": "Santo Tomé y Príncipe", "nameEN": "Sao Tome and Principe" },
  { "code": "SN", "name": "Senegal", "nameEN": "Senegal" },
  { "code": "RS", "name": "Serbia", "nameEN": "Serbia" },
  { "code": "SC", "name": "Seychelles", "nameEN": "Seychelles" },
  { "code": "SL", "name": "Sierra Leona", "nameEN": "Sierra Leone" },
  { "code": "SG", "name": "Singapur", "nameEN": "Singapore" },
  { "code": "SY", "name": "Siria", "nameEN": "Syria" },
  { "code": "SO", "name": "Somalia", "nameEN": "Somalia" },
  { "code": "LK", "name": "Sri Lanka", "nameEN": "Sri Lanka" },
  { "code": "ZA", "name": "Sudáfrica", "nameEN": "South Africa" },
  { "code": "SD", "name": "Sudán", "nameEN": "Sudan" },
  { "code": "SS", "name": "Sudán del Sur", "nameEN": "South Sudan" },
  { "code": "SE", "name": "Suecia", "nameEN": "Sweden" },
  { "code": "CH", "name": "Suiza", "nameEN": "Switzerland" },
  { "code": "SR", "name": "Surinam", "nameEN": "Suriname" },
  { "code": "TH", "name": "Tailandia", "nameEN": "Thailand" },
  { "code": "TZ", "name": "Tanzania", "nameEN": "Tanzania" },
  { "code": "TJ", "name": "Tayikistán", "nameEN": "Tajikistan" },
  { "code": "TL", "name": "Timor Oriental", "nameEN": "East Timor" },
  { "code": "TG", "name": "Togo", "nameEN": "Togo" },
  { "code": "TO", "name": "Tonga", "nameEN": "Tonga" },
  { "code": "TT", "name": "Trinidad y Tobago", "nameEN": "Trinidad and Tobago" },
  { "code": "TN", "name": "Túnez", "nameEN": "Tunisia" },
  { "code": "TM", "name": "Turkmenistán", "nameEN": "Turkmenistan" },
  { "code": "TR", "name": "Turquía", "nameEN": "Turkey" },
  { "code": "TV", "name": "Tuvalu", "nameEN": "Tuvalu" },
  { "code": "UA", "name": "Ucrania", "nameEN": "Ukraine" },
  { "code": "UG", "name": "Uganda", "nameEN": "Uganda" },
  { "code": "UY", "name": "Uruguay", "nameEN": "Uruguay" },
  { "code": "UZ", "name": "Uzbekistán", "nameEN": "Uzbekistan" },
  { "code": "VU", "name": "Vanuatu", "nameEN": "Vanuatu" },
  { "code": "VA", "name": "Ciudad del Vaticano", "nameEN": "Vatican City" },
  { "code": "VE", "name": "Venezuela", "nameEN": "Venezuela" },
  { "code": "VN", "name": "Vietnam", "nameEN": "Vietnam" },
  { "code": "YE", "name": "Yemen", "nameEN": "Yemen" },
  { "code": "DJ", "name": "Yibuti", "nameEN": "Djibouti" },
  { "code": "ZM", "name": "Zambia", "nameEN": "Zambia" },
  { "code": "ZW", "name": "Zimbabue", "nameEN": "Zimbabwe" }
]